RODRIGO0307-SQL> create sequence my_seq
  2  start with 100
  3  incremet by 10
  4  maxvalue 200
  5  minvalue 50
  6  cycle
  7  cache 5;
incremet by 10
*
ERROR at line 3:
ORA-00933: SQL command not properly ended 


RODRIGO0307-SQL> edit
Wrote file afiedt.buf

  1  create sequence my_seq
  2  start with 100
  3  increment by 10
  4  maxvalue 200
  5  minvalue 50
  6  cycle
  7* cache 5
RODRIGO0307-SQL> run
  1  create sequence my_seq
  2  start with 100
  3  increment by 10
  4  maxvalue 200
  5  minvalue 50
  6  cycle
  7* cache 5
create sequence my_seq
                *
ERROR at line 1:
ORA-00955: name is already used by an existing object 


RODRIGO0307-SQL> drop sequence my_seq
  2  ;

Sequence dropped.

RODRIGO0307-SQL> run
  1  drop sequence my_seq
  2* 
drop sequence my_seq
              *
ERROR at line 1:
ORA-02289: sequence does not exist 


RODRIGO0307-SQL> edit
Wrote file afiedt.buf

  1* drop sequence my_seq
  2  
RODRIGO0307-SQL> create sequence my_seq
  2  start with 100
  3  increment by 10
  4  maxvalue 200
  5  minvalue 50
  6  cycle
  7  cache 5;

Sequence created.

RODRIGO0307-SQL> create table boleto_identity(
  2  clave generated by default on null as identity
  3  start with 1
  4  increment by 3
  5  maxvalue 1000
  6  nocycle
  7  cache 4 );
clave generated by default on null as identity
*
ERROR at line 2:
ORA-02263: need to specify the datatype for this column 


RODRIGO0307-SQL> edit
Wrote file afiedt.buf

  1  create table boleto_identity(
  2  clave numeric(4,0) generated by default on null as identity
  3  start with 1
  4  increment by 3
  5  maxvalue 1000
  6  nocycle
  7* cache 4 )
RODRIGO0307-SQL> run
  1  create table boleto_identity(
  2  clave numeric(4,0) generated by default on null as identity
  3  start with 1
  4  increment by 3
  5  maxvalue 1000
  6  nocycle
  7* cache 4 )

Table created.

RODRIGO0307-SQL> begin
  2  for i in 1..1000 loop
  3  insert into boleto_identity(clave) values(null);
  4  commit;
  5  end loop;
  6  end;
  7  /
begin
*
ERROR at line 1:
ORA-08004: sequence ISEQ$$_75084.NEXTVAL exceeds MAXVALUE and cannot be
instantiated
ORA-06512: at line 3 


RODRIGO0307-SQL> select cliente_seq.currval from dual;
select cliente_seq.currval from dual
       *
ERROR at line 1:
ORA-02289: sequence does not exist 


RODRIGO0307-SQL> 
RODRIGO0307-SQL> select table_name from user_tables;

TABLE_NAME                                                                      
--------------------------------------------------------------------------------
EMPLEADO_SIMPLE                                                                 
EMPLEADO_TEMP                                                                   
PUESTO                                                                          
CALCULO_SUELDO                                                                  
INCIDENCIA                                                                      
PUESTO_TC                                                                       
EMPLEADO                                                                        
EMPLEADO_TC                                                                     
PENSIONADA                                                                      
PENSIONADA_EMPLEADO                                                             
QUINCENA                                                                        

TABLE_NAME                                                                      
--------------------------------------------------------------------------------
NOMINA                                                                          
MY_TABLE                                                                        
EMPLEADO_EXT                                                                    
EMPLEADO_EXT2                                                                   
CLIENTE                                                                         
SALON                                                                           
BOLETO                                                                          
BOLETO_IDENTITY                                                                 

19 rows selected.

RODRIGO0307-SQL> !ls

RODRIGO0307-SQL> start ejercicios-tema7-parte2.sql
Proporcione el Password del usuario  SYS
Connected.
Creando un nuevo usuario Tema 7 - Parte 2
Proporcione usuario y password
Enter value for usuario: a
Enter value for password: asascascvds

SYS-SQL> drop user a;
drop user a
          *
ERROR at line 1:
ORA-01918: user 'A' does not exist 


-SQL> connect rod2rigo0307_2
Connected.
ROD2RIGO0307_2-SQL> select cliente_seq.currvar from dual;
select cliente_seq.currvar from dual
       *
ERROR at line 1:
ORA-00904: "CLIENTE_SEQ"."CURRVAR": invalid identifier 


ROD2RIGO0307_2-SQL> select cliente_seq.currval from dual;
select cliente_seq.currval from dual
       *
ERROR at line 1:
ORA-08002: sequence CLIENTE_SEQ.CURRVAL is not yet defined in this session 


ROD2RIGO0307_2-SQL> 
ROD2RIGO0307_2-SQL> desc cliente_seq;
SP2-0381: DESCRIBE sequence is not available

ROD2RIGO0307_2-SQL> create sequence cliente_seq
  2      start with 1
  3      increment by 2
  4      maxvalue 100000
  5      cycle
  6      noorder
  7  ;
create sequence cliente_seq
                *
ERROR at line 1:
ORA-00955: name is already used by an existing object 


ROD2RIGO0307_2-SQL> drop cliente_seq;
drop cliente_seq
     *
ERROR at line 1:
ORA-00950: invalid DROP option 


ROD2RIGO0307_2-SQL> drop sequence cliente_seq;

Sequence dropped.

ROD2RIGO0307_2-SQL> create sequence cliente_seq
  2      start with 1
  3      increment by 2
  4      maxvalue 100000
  5      cycle
  6      noorder
  7  ;

Sequence created.

ROD2RIGO0307_2-SQL> select cliente_seq.currval from dual;
select cliente_seq.currval from dual
       *
ERROR at line 1:
ORA-08002: sequence CLIENTE_SEQ.CURRVAL is not yet defined in this session 


ROD2RIGO0307_2-SQL> alter sequence cliente_seq
  2  maxvalue NOMAXVALUE
  3  nocycle;
maxvalue NOMAXVALUE
         *
ERROR at line 2:
ORA-01722: invalid number 


ROD2RIGO0307_2-SQL> alter sequence cliente_seq
  2  NOMAXVALUE nocycle;

Sequence altered.

ROD2RIGO0307_2-SQL> 
ROD2RIGO0307_2-SQL> create view (nombre,apellido_paterno,apellido_materno,
  2  fecha_factura,monto_total)
  3  
ROD2RIGO0307_2-SQL> create or replace view (nombre,apellido_paterno,apellido_materno,
  2  fecha_factura,monto_total)
  3  as select nombre,apellido_paterno,apellido_materno,fecha_factura,monto_total
  4  from cliente c, factura f
  5  where c.factura_id = f.factura_id;
create or replace view (nombre,apellido_paterno,apellido_materno,
                       *
ERROR at line 1:
ORA-00999: invalid view name 


ROD2RIGO0307_2-SQL> edit
Wrote file afiedt.buf

  1  create or replace view v_cliente_factura(nombre,apellido_paterno,apellido_materno,
  2  fecha_factura,monto_total)
  3  as select nombre,apellido_paterno,apellido_materno,fecha_factura,monto_total
  4  from cliente c, factura f
  5* where c.factura_id = f.factura_id
ROD2RIGO0307_2-SQL> run
  1  create or replace view v_cliente_factura(nombre,apellido_paterno,apellido_materno,
  2  fecha_factura,monto_total)
  3  as select nombre,apellido_paterno,apellido_materno,fecha_factura,monto_total
  4  from cliente c, factura f
  5* where c.factura_id = f.factura_id
create or replace view v_cliente_factura(nombre,apellido_paterno,apellido_materno,
                       *
ERROR at line 1:
ORA-01031: insufficient privileges 


ROD2RIGO0307_2-SQL> run
  1  create or replace view v_cliente_factura(nombre,apellido_paterno,apellido_materno,
  2  fecha_factura,monto_total)
  3  as select nombre,apellido_paterno,apellido_materno,fecha_factura,monto_total
  4  from cliente c, factura f
  5* where c.factura_id = f.factura_id

View created.

ROD2RIGO0307_2-SQL> alter view v_cliente_factura rename column nombre to nombre_cliente;
alter view v_cliente_factura rename column nombre to nombre_cliente
                             *
ERROR at line 1:
ORA-00922: missing or invalid option 


ROD2RIGO0307_2-SQL> alter view v_cliente_factura rename nombre to nombre_cliente;
alter view v_cliente_factura rename nombre to nombre_cliente
                             *
ERROR at line 1:
ORA-00922: missing or invalid option 


ROD2RIGO0307_2-SQL> create or replace view (nombre_cliente,apellido_paterno,apellido_materno,
  2  fecha_factura,monto_total)
  3  as select nombre,apellido_paterno,apellido_materno,fecha_factura,monto_total
  4  from cliente c, factura f
  5  where c.factura_id = f.factura_id;
create or replace view (nombre_cliente,apellido_paterno,apellido_materno,
                       *
ERROR at line 1:
ORA-00999: invalid view name 


ROD2RIGO0307_2-SQL> edit
Wrote file afiedt.buf

  1  create or replace view v_cliente_factura(nombre_cliente,apellido_paterno,apellido_materno,
  2  fecha_factura,monto_total)
  3  as select nombre,apellido_paterno,apellido_materno,fecha_factura,monto_total
  4  from cliente c, factura f
  5* where c.factura_id = f.factura_id
ROD2RIGO0307_2-SQL> run
  1  create or replace view v_cliente_factura(nombre_cliente,apellido_paterno,apellido_materno,
  2  fecha_factura,monto_total)
  3  as select nombre,apellido_paterno,apellido_materno,fecha_factura,monto_total
  4  from cliente c, factura f
  5* where c.factura_id = f.factura_id

View created.

ROD2RIGO0307_2-SQL> alter table editorial rename column editorial_id to editorial_libro_id;

Table altered.

ROD2RIGO0307_2-SQL> alter table libro disable constraints;
alter table libro disable constraints
                                    *
ERROR at line 1:
ORA-02250: missing or invalid constraint name 


ROD2RIGO0307_2-SQL> alter table libro disable constraint;
alter table libro disable constraint
                                   *
ERROR at line 1:
ORA-02250: missing or invalid constraint name 


ROD2RIGO0307_2-SQL> alter table libro disable constraint libro_pk,libro_tematica_fk;
alter table libro disable constraint libro_pk,libro_tematica_fk
                                             *
ERROR at line 1:
ORA-00933: SQL command not properly ended 


ROD2RIGO0307_2-SQL> alter table libro disable constraint libro_pk;

Table altered.

ROD2RIGO0307_2-SQL> alter table libro disable constraint libro_tematica_fk;

Table altered.

ROD2RIGO0307_2-SQL> alter table libro disable constraint libro_status_fk;

Table altered.

ROD2RIGO0307_2-SQL> alter table libro disable constraint libro_editorial_fk;

Table altered.

ROD2RIGO0307_2-SQL> alter table libro enable constraint libro_pk;

Table altered.

ROD2RIGO0307_2-SQL> alter table libro enable constraint libro_tematica_fk;

Table altered.

ROD2RIGO0307_2-SQL> alter table libro enable constraint libro_status_fk;

Table altered.

ROD2RIGO0307_2-SQL> alter table libro enable constraint libro_editorial_fk;

Table altered.

ROD2RIGO0307_2-SQL> 
ROD2RIGO0307_2-SQL> select
  2     table_name,
  3     index_name,
  4     column_name
  5  from
  6     dba_ind_columns
  7  where
  8     table_owner='ROD2RIGO0307_2'
  9  ;
   dba_ind_columns
   *
ERROR at line 6:
ORA-00942: table or view does not exist 


ROD2RIGO0307_2-SQL> select INDEX_NAME, TABLE_OWNER, TABLE_NAME, UNIQUENESS from USER_INDEXES
  2  ;

INDEX_NAME                                                                      
--------------------------------------------------------------------------------
TABLE_OWNER                                                                     
--------------------------------------------------------------------------------
TABLE_NAME                                                                      
--------------------------------------------------------------------------------
UNIQUENES                                                                       
---------                                                                       
CLIENTE_PK                                                                      
ROD2RIGO0307_2                                                                  
CLIENTE                                                                         
UNIQUE                                                                          
                                                                                

INDEX_NAME                                                                      
--------------------------------------------------------------------------------
TABLE_OWNER                                                                     
--------------------------------------------------------------------------------
TABLE_NAME                                                                      
--------------------------------------------------------------------------------
UNIQUENES                                                                       
---------                                                                       
EDITORIAL_PK                                                                    
ROD2RIGO0307_2                                                                  
EDITORIAL                                                                       
UNIQUE                                                                          
                                                                                

INDEX_NAME                                                                      
--------------------------------------------------------------------------------
TABLE_OWNER                                                                     
--------------------------------------------------------------------------------
TABLE_NAME                                                                      
--------------------------------------------------------------------------------
UNIQUENES                                                                       
---------                                                                       
ESTATUS_LIBRO_PK                                                                
ROD2RIGO0307_2                                                                  
ESTATUS_LIBRO                                                                   
UNIQUE                                                                          
                                                                                

INDEX_NAME                                                                      
--------------------------------------------------------------------------------
TABLE_OWNER                                                                     
--------------------------------------------------------------------------------
TABLE_NAME                                                                      
--------------------------------------------------------------------------------
UNIQUENES                                                                       
---------                                                                       
FACTURA_PK                                                                      
ROD2RIGO0307_2                                                                  
FACTURA                                                                         
UNIQUE                                                                          
                                                                                

INDEX_NAME                                                                      
--------------------------------------------------------------------------------
TABLE_OWNER                                                                     
--------------------------------------------------------------------------------
TABLE_NAME                                                                      
--------------------------------------------------------------------------------
UNIQUENES                                                                       
---------                                                                       
H_ESTATUS_LIBRO_PK                                                              
ROD2RIGO0307_2                                                                  
HISTORICO_ESTATUS_LIBRO                                                         
UNIQUE                                                                          
                                                                                

INDEX_NAME                                                                      
--------------------------------------------------------------------------------
TABLE_OWNER                                                                     
--------------------------------------------------------------------------------
TABLE_NAME                                                                      
--------------------------------------------------------------------------------
UNIQUENES                                                                       
---------                                                                       
LIBRO_PK                                                                        
ROD2RIGO0307_2                                                                  
LIBRO                                                                           
UNIQUE                                                                          
                                                                                

INDEX_NAME                                                                      
--------------------------------------------------------------------------------
TABLE_OWNER                                                                     
--------------------------------------------------------------------------------
TABLE_NAME                                                                      
--------------------------------------------------------------------------------
UNIQUENES                                                                       
---------                                                                       
TEMATICA_PK                                                                     
ROD2RIGO0307_2                                                                  
TEMATICA                                                                        
UNIQUE                                                                          
                                                                                

7 rows selected.

ROD2RIGO0307_2-SQL> select INDEX_NAME,TABLE_NAME, UNIQUENESS from USER_INDEXES;

INDEX_NAME                                                                      
--------------------------------------------------------------------------------
TABLE_NAME                                                                      
--------------------------------------------------------------------------------
UNIQUENES                                                                       
---------                                                                       
CLIENTE_PK                                                                      
CLIENTE                                                                         
UNIQUE                                                                          
                                                                                
EDITORIAL_PK                                                                    
EDITORIAL                                                                       
UNIQUE                                                                          

INDEX_NAME                                                                      
--------------------------------------------------------------------------------
TABLE_NAME                                                                      
--------------------------------------------------------------------------------
UNIQUENES                                                                       
---------                                                                       
                                                                                
ESTATUS_LIBRO_PK                                                                
ESTATUS_LIBRO                                                                   
UNIQUE                                                                          
                                                                                
FACTURA_PK                                                                      
FACTURA                                                                         

INDEX_NAME                                                                      
--------------------------------------------------------------------------------
TABLE_NAME                                                                      
--------------------------------------------------------------------------------
UNIQUENES                                                                       
---------                                                                       
UNIQUE                                                                          
                                                                                
H_ESTATUS_LIBRO_PK                                                              
HISTORICO_ESTATUS_LIBRO                                                         
UNIQUE                                                                          
                                                                                
LIBRO_PK                                                                        

INDEX_NAME                                                                      
--------------------------------------------------------------------------------
TABLE_NAME                                                                      
--------------------------------------------------------------------------------
UNIQUENES                                                                       
---------                                                                       
LIBRO                                                                           
UNIQUE                                                                          
                                                                                
TEMATICA_PK                                                                     
TEMATICA                                                                        
UNIQUE                                                                          
                                                                                

7 rows selected.

ROD2RIGO0307_2-SQL> col index_name format a20
ROD2RIGO0307_2-SQL> col table_name format a20
ROD2RIGO0307_2-SQL> select INDEX_NAME,TABLE_NAME, UNIQUENESS from USER_INDEXES;

INDEX_NAME           TABLE_NAME           UNIQUENES                             
-------------------- -------------------- ---------                             
FACTURA_PK           FACTURA              UNIQUE                                
CLIENTE_PK           CLIENTE              UNIQUE                                
EDITORIAL_PK         EDITORIAL            UNIQUE                                
ESTATUS_LIBRO_PK     ESTATUS_LIBRO        UNIQUE                                
H_ESTATUS_LIBRO_PK   HISTORICO_ESTATUS_LI UNIQUE                                
                     BRO                                                        
                                                                                
TEMATICA_PK          TEMATICA             UNIQUE                                
LIBRO_PK             LIBRO                UNIQUE                                

7 rows selected.

ROD2RIGO0307_2-SQL> alter index cliente_pk to uik_clv_libro;
alter index cliente_pk to uik_clv_libro
                       *
ERROR at line 1:
ORA-02243: invalid ALTER INDEX or ALTER MATERIALIZED VIEW option 


ROD2RIGO0307_2-SQL> alter index cliente_pk rename to uik_clv_libro;

Index altered.

ROD2RIGO0307_2-SQL> drop table libro cascade;
drop table libro cascade
                       *
ERROR at line 1:
ORA-00905: missing keyword 


ROD2RIGO0307_2-SQL> drop table libro purge;

Table dropped.

ROD2RIGO0307_2-SQL> drop table libro cascade constraints;
drop table libro cascade constraints
           *
ERROR at line 1:
ORA-00942: table or view does not exist 


ROD2RIGO0307_2-SQL> connect sys as sysdba
Connected.
SYS-SQL> drop user rod2rigo0307_2 cascade;

User dropped.

SYS-SQL> spool off
